{
    "version": "0.2",
    "language": "en-US",
    "useGitignore": true,
    "words": [
        "Baruuk",
        "bootsplash",
        "Cyte",
        "Dagath",
        "Gara",
        "Garuda",
        "Hildryn",
        "Inaros",
        "Ivara",
        "Khora",
        "kofi",
        "Koumei",
        "Kullervo",
        "Lavos",
        "Leverian",
        "leverians",
        "naramon",
        "Nekros",
        "Nezha",
        "qorvex",
        "Saryn",
        "scroller",
        "Sevagoth",
        "Styanax",
        "unairu",
        "Valkyr",
        "vazarin",
        "Voruna",
        "warframe",
        "warframes",
        "webp",
        "Wukong",
        "Xaku",
        "Yareli",
        "zenurik"
    ],
    "ignorePaths": [
        "ios",
        "vendor",
        ".vscode",
        "android",
        "package.json",
        "package-lock.json",
        ".eslintrc.json",
        ".prettierrc.json",
        "README.md"
    ]
}
